{
  "prusti-tests/tests/verify/pass/rosetta/Knuth_shuffle.rs": [
    2.701399883000022,
    2.3647312529999454,
    2.2975432000000637,
    2.3099417879998327,
    2.235699724000142,
    2.287522486999933,
    2.277899993999881,
    2.316850295999984,
    2.225589373000048,
    2.2383536650002043
  ],
  "prusti-tests/tests/verify/pass/demos/account.rs": [
    1.9654645519999576,
    1.9587351499999386,
    2.016925510999954,
    2.0330977000000985,
    1.915381181000157,
    1.9233710710000196,
    1.9711136380001335,
    1.9554340499998943,
    1.9760546350000823,
    1.888793294000152
  ],
  "prusti-tests/tests/verify/pass/rosetta/Knights_tour.rs": [
    129.7691314650001,
    124.20694077199983,
    126.41080737599987,
    124.72855891899985,
    124.68762767499993,
    125.959471055,
    125.68666312000005,
    125.53923581400022,
    126.10392886399995,
    125.28161634299977
  ],
  "prusti-tests/tests/verify/pass/quick/fold-unfold.rs": [
    1.2830454639997697,
    1.2809984669997903,
    1.2573018069997488,
    1.2587625040000603,
    1.2463871630002359,
    1.262493299000198,
    1.305000265000217,
    1.2944190729999718,
    1.280689184000039,
    1.303786066000157
  ],
  "prusti-tests/tests/verify/pass/quick/moves.rs": [
    1.5107403340002747,
    1.5543257680001261,
    1.529328199000247,
    1.546779776999756,
    1.5383814879996862,
    1.5432522199998857,
    1.505415936999725,
    1.4926989509999657,
    1.5190201059999708,
    1.5420203930002572
  ],
  "prusti-tests/tests/verify/pass/quick/mut-borrows.rs": [
    3.123147751999568,
    3.076642897000056,
    3.0486200289997214,
    3.0193358910000825,
    2.986846007999702,
    3.006934344000001,
    3.1221213530002387,
    3.012683303000358,
    3.1258581029997003,
    3.007061288999921
  ],
  "prusti-tests/tests/verify/pass/quick/shared-borrows.rs": [
    1.9561555190002764,
    1.9223722950000592,
    1.9144192910002857,
    1.9181295849998605,
    1.9412164440000197,
    1.9534866220001277,
    1.9488439309998284,
    1.9452866380001979,
    1.9076585050001995,
    1.9312753620001786
  ],
  "prusti-tests/tests/verify/pass/quick/trait-contracts-refinement.rs": [
    1.8303695019999395,
    1.733324236000044,
    1.794396689000223,
    1.7372214259999055,
    1.7867300439997962,
    1.8017575630001375,
    1.796995571000025,
    1.8123471429998972,
    1.8693288699996629,
    1.7794207649999407
  ],
  "prusti-tests/tests/verify/pass/quick/routes.rs": [
    5.408245561999593,
    5.155660401000205,
    5.102005374000328,
    4.982493068999702,
    5.088895804000003,
    5.088210796000112,
    5.129388514999846,
    5.063194573000146,
    5.13867167699982,
    5.04757080599984
  ],
  "prusti-tests/tests/verify/pass/quick/fibonacci.rs": [
    6.405649367000024,
    6.339051628000107,
    6.223244211999827,
    6.395573673999934,
    6.3532399480000095,
    6.428227552999942,
    6.405831994999971,
    6.348764051000217,
    6.397002831999998,
    6.478894628000035
  ],
  "prusti-tests/tests/verify/pass/pure-fn/len-lookup.rs": [
    3.6366040519997114,
    3.6155965409998316,
    3.599376054000004,
    3.589626407000196,
    3.7286032229999364,
    3.5961317070000405,
    3.5576903040000616,
    3.566090011000142,
    3.639008673999797,
    3.702305731999786
  ],
  "prusti-tests/tests/verify/pass/pure-fn/quantifiers.rs": [
    2.2578304230000867,
    2.309523689999878,
    2.303979292999884,
    2.259757310999703,
    2.2250644310001917,
    2.2077176409998174,
    2.1702530059997116,
    2.190942997000093,
    2.222945790000267,
    2.2838470759998017
  ],
  "prusti-tests/tests/verify/pass/pure-fn/recursive-pure-fn.rs": [
    1.9405250599997999,
    1.9672098400001232,
    1.970762236000155,
    1.9578612489999614,
    1.9464900930001932,
    1.9136537140002474,
    1.9408367639998687,
    1.9309620829999403,
    1.936845994000123,
    2.0756205080001564
  ],
  "prusti-tests/tests/verify/pass/pure-fn/ref-mut-arg.rs": [
    2.914708881000024,
    2.977239210999869,
    2.946190237999872,
    3.013017656000102,
    2.973371235999821,
    3.0108908090001023,
    3.017973600000005,
    3.054481750999912,
    2.9746370480002042,
    3.030144887000006
  ],
  "prusti-tests/tests/verify/pass/rosetta/Ackermann_function.rs": [
    2.015452405999895,
    2.044344777999868,
    1.981589239999721,
    2.013114378999944,
    2.0550903099997413,
    2.0661464999998316,
    2.1803859950000515,
    2.212434135999956,
    2.1348972260002483,
    2.15740281699982
  ],
  "prusti-tests/tests/verify/pass/rosetta/Heapsort.rs": [
    13.357916887000101,
    12.937778639000044,
    12.299512390000018,
    12.262535273999674,
    12.443144953999763,
    12.248054250999758,
    12.530634180000106,
    12.450859215000037,
    12.344477239999833,
    12.199628733000281
  ]
}