{
  "prusti-tests/tests/verify/pass/rosetta/Knuth_shuffle.rs": [
    2.381287939999993,
    2.0489707140000064,
    2.016302838999991,
    2.0028168850001293,
    2.0081035980001616,
    1.9888310769999862,
    1.9627802759998758,
    1.9457066800000575,
    1.9798680710000554,
    1.9528475590000198
  ],
  "prusti-tests/tests/verify/pass/demos/account.rs": [
    1.7642876909999359,
    1.7975621739999497,
    1.7668358249998164,
    1.7738462080001227,
    1.78872497999987,
    1.7720955879999565,
    1.7634572889999163,
    1.7885947759998544,
    1.7553842939998958,
    1.7857802440000796
  ],
  "prusti-tests/tests/verify/pass/rosetta/Knights_tour.rs": [
    106.71913929200014,
    104.63791652200007,
    106.37196619899987,
    111.85363355699997,
    107.01466917500011,
    108.71872991499981,
    109.07196289999979,
    107.82923686499998,
    103.143309907,
    104.99460678800006
  ],
  "prusti-tests/tests/verify/pass/quick/fold-unfold.rs": [
    1.1773760470000525,
    1.18796277499996,
    1.1757293270002265,
    1.1766652390001582,
    1.169159404000311,
    1.179499730000316,
    1.175044378000166,
    1.1868784170001163,
    1.1947785090001162,
    1.1639401479997105
  ],
  "prusti-tests/tests/verify/pass/quick/moves.rs": [
    1.4088083189999452,
    1.4163032339997699,
    1.4353311429999849,
    1.4047892869998577,
    1.4159814179997738,
    1.4207557740000993,
    1.4040910700000495,
    1.4116020219998973,
    1.4149563610003497,
    1.4060206569997717
  ],
  "prusti-tests/tests/verify/pass/quick/mut-borrows.rs": [
    2.786336914000003,
    2.7955914909998683,
    2.8023418580000907,
    2.795673581000301,
    2.7982437239998035,
    2.79177830000026,
    2.788261566000074,
    2.7970219039998483,
    2.824104018000071,
    2.798898816000019
  ],
  "prusti-tests/tests/verify/pass/quick/shared-borrows.rs": [
    1.764050899999802,
    1.75315317400009,
    1.7697165650001807,
    1.7632670900002267,
    1.758932513000218,
    1.7474209089996293,
    1.7631779919997825,
    1.7643691060002311,
    1.776655706999918,
    1.762265551999917
  ],
  "prusti-tests/tests/verify/pass/quick/trait-contracts-refinement.rs": [
    1.6219279870001628,
    1.5938293740000518,
    1.5826863490001415,
    1.5744302289999723,
    1.5630989239998598,
    1.57542236900008,
    1.576695983999798,
    1.5956169070000215,
    1.5594142609998016,
    1.566474257000209
  ],
  "prusti-tests/tests/verify/pass/quick/routes.rs": [
    4.74254917799999,
    4.578234105999854,
    4.394940171999679,
    4.399239312999725,
    4.394178373000159,
    4.374370730999999,
    4.328946116999759,
    4.305995427000198,
    4.352982695000264,
    4.399347591000151
  ],
  "prusti-tests/tests/verify/pass/quick/fibonacci.rs": [
    5.50984255000003,
    5.560765175000142,
    5.553844402000323,
    5.5619893140001295,
    5.58385106500009,
    5.565188664999823,
    5.569388594999964,
    5.606330476000039,
    5.56367294599977,
    5.568128097999761
  ],
  "prusti-tests/tests/verify/pass/pure-fn/len-lookup.rs": [
    3.2921339929998794,
    3.252759534999768,
    3.209488633000092,
    3.2381491840001217,
    3.214270510999995,
    3.2025662559999546,
    3.2155592660001275,
    3.2299731329999304,
    3.1680595459997676,
    3.1498872730003313
  ],
  "prusti-tests/tests/verify/pass/pure-fn/quantifiers.rs": [
    1.9600591009998425,
    1.9761543099998562,
    1.9591744370000015,
    1.9627554789999522,
    1.967954039000233,
    1.9579538489997503,
    1.973740246000034,
    1.9640678409996326,
    1.942161902999942,
    1.9603273610000542
  ],
  "prusti-tests/tests/verify/pass/pure-fn/recursive-pure-fn.rs": [
    1.7270829579997553,
    1.7436969499999577,
    1.7163885340000888,
    1.7400700089997372,
    1.7553900929997326,
    1.7504542360002233,
    1.7341050479999467,
    1.722992319000241,
    1.73858421299974,
    1.7310780359998716
  ],
  "prusti-tests/tests/verify/pass/pure-fn/ref-mut-arg.rs": [
    2.578203640999618,
    2.6131300450001618,
    2.5801741079999374,
    2.5944044020002366,
    2.6038758149998102,
    2.6162591399997837,
    2.62653824500012,
    2.6220726920000743,
    2.6162940929998513,
    2.5751561389997732
  ],
  "prusti-tests/tests/verify/pass/rosetta/Ackermann_function.rs": [
    1.7928553310002826,
    1.7993024359998344,
    1.7808307840000452,
    1.7709224689997427,
    1.7811825890003092,
    1.774470410000049,
    1.7800993900000321,
    1.7802764480002224,
    1.7925845929999014,
    1.8169308799997452
  ],
  "prusti-tests/tests/verify/pass/rosetta/Heapsort.rs": [
    10.182731663999675,
    10.073058418000073,
    10.133972375999747,
    10.119729882999764,
    10.06081980099998,
    10.084342320999895,
    10.093185085999721,
    10.086970630999986,
    10.093813382000008,
    10.025418008000088
  ]
}